"Date","Open","High","Low","Close","Volume"
"Dec 30, 2024","4,080.00","4,120.00","4,070.00","4,080.00","153,934,700"
"Dec 27, 2024","135.00","","","",""
"Dec 27, 2024","4,100.00","4,120.00","4,080.00","4,100.00","143,104,400"
"Dec 24, 2024","4,220.00","4,250.00","4,170.00","4,200.00","199,536,100"
"Dec 23, 2024","4,130.00","4,210.00","4,110.00","4,210.00","167,689,800"
"Dec 20, 2024","4,070.00","4,120.00","4,050.00","4,060.00","252,689,600"
"Dec 19, 2024","4,090.00","4,110.00","4,050.00","4,090.00","381,986,300"
"Dec 18, 2024","4,170.00","4,210.00","4,130.00","4,150.00","205,055,500"
"Dec 17, 2024","4,250.00","4,290.00","4,150.00","4,150.00","327,919,000"
"Dec 16, 2024","4,150.00","4,280.00","4,150.00","4,250.00","325,441,900"
"Dec 13, 2024","4,230.00","4,280.00","4,170.00","4,170.00","287,838,100"
"Dec 12, 2024","4,340.00","4,360.00","4,260.00","4,260.00","226,698,900"
"Dec 11, 2024","4,340.00","4,430.00","4,340.00","4,380.00","203,980,300"
"Dec 10, 2024","4,360.00","4,380.00","4,290.00","4,360.00","196,160,900"
"Dec 9, 2024","4,310.00","4,390.00","4,300.00","4,390.00","158,897,200"
"Dec 6, 2024","4,250.00","4,310.00","4,220.00","4,310.00","151,433,000"
"Dec 5, 2024","4,310.00","4,340.00","4,250.00","4,260.00","183,249,300"
"Dec 4, 2024","4,240.00","4,370.00","4,220.00","4,350.00","345,762,200"
"Dec 3, 2024","4,240.00","4,250.00","4,210.00","4,240.00","384,146,700"
"Dec 2, 2024","4,270.00","4,280.00","4,160.00","4,170.00","337,188,900"
"Nov 29, 2024","4,280.00","4,300.00","4,250.00","4,250.00","412,519,800"
"Nov 28, 2024","4,350.00","4,390.00","4,330.00","4,330.00","277,081,800"
"Nov 26, 2024","4,450.00","4,470.00","4,380.00","4,400.00","266,677,500"
"Nov 25, 2024","4,420.00","4,530.00","4,420.00","4,470.00","401,446,400"
"Nov 22, 2024","4,250.00","4,420.00","4,250.00","4,400.00","280,188,100"
"Nov 21, 2024","4,280.00","4,320.00","4,250.00","4,250.00","376,788,400"
"Nov 20, 2024","4,400.00","4,440.00","4,330.00","4,330.00","298,734,600"
"Nov 19, 2024","4,350.00","4,410.00","4,350.00","4,360.00","294,838,700"
"Nov 18, 2024","4,440.00","4,460.00","4,350.00","4,350.00","253,272,300"
"Nov 15, 2024","4,450.00","4,510.00","4,450.00","4,470.00","106,365,600"
"Nov 14, 2024","4,570.00","4,590.00","4,500.00","4,500.00","159,871,800"
"Nov 13, 2024","4,470.00","4,610.00","4,460.00","4,580.00","209,627,200"
"Nov 12, 2024","4,430.00","4,520.00","4,430.00","4,500.00","252,380,100"
"Nov 11, 2024","4,470.00","4,540.00","4,370.00","4,460.00","507,192,300"
"Nov 8, 2024","4,600.00","4,640.00","4,520.00","4,520.00","198,589,900"
"Nov 7, 2024","4,610.00","4,640.00","4,550.00","4,550.00","296,218,600"
"Nov 6, 2024","4,710.00","4,730.00","4,600.00","4,600.00","249,059,500"
"Nov 5, 2024","4,690.00","4,740.00","4,680.00","4,710.00","199,499,300"
"Nov 4, 2024","4,710.00","4,770.00","4,650.00","4,720.00","209,831,500"
"Nov 1, 2024","4,770.00","4,820.00","4,700.00","4,700.00","235,656,400"
"Oct 31, 2024","4,710.00","4,870.00","4,710.00","4,800.00","307,110,400"
"Oct 30, 2024","4,630.00","4,750.00","4,630.00","4,710.00","296,314,500"
"Oct 29, 2024","4,730.00","4,780.00","4,700.00","4,700.00","203,658,600"
"Oct 28, 2024","4,770.00","4,800.00","4,710.00","4,760.00","191,211,000"
"Oct 25, 2024","4,820.00","4,860.00","4,770.00","4,770.00","195,647,800"
"Oct 24, 2024","4,820.00","4,900.00","4,810.00","4,820.00","218,162,100"
"Oct 23, 2024","4,830.00","4,890.00","4,810.00","4,860.00","222,147,300"
"Oct 22, 2024","4,960.00","4,970.00","4,900.00","4,900.00","199,707,500"
"Oct 21, 2024","4,980.00","5,025.00","4,970.00","4,990.00","110,708,200"
"Oct 18, 2024","5,025.00","5,050.00","4,960.00","4,970.00","157,113,000"
"Oct 17, 2024","4,960.00","5,050.00","4,940.00","4,980.00","188,127,700"
"Oct 16, 2024","4,950.00","4,970.00","4,920.00","4,950.00","118,014,300"
"Oct 15, 2024","4,930.00","4,990.00","4,920.00","4,920.00","142,372,200"
"Oct 14, 2024","4,900.00","4,930.00","4,870.00","4,900.00","125,414,400"
"Oct 11, 2024","4,910.00","4,940.00","4,890.00","4,900.00","104,875,300"
"Oct 10, 2024","4,920.00","4,970.00","4,860.00","4,860.00","226,564,700"
"Oct 9, 2024","5,000.00","5,075.00","4,930.00","4,930.00","309,336,600"
"Oct 8, 2024","4,800.00","5,050.00","4,760.00","5,000.00","527,474,400"
"Oct 7, 2024","4,860.00","4,930.00","4,810.00","4,820.00","308,452,200"
"Oct 4, 2024","4,870.00","4,920.00","4,850.00","4,860.00","289,960,700"
"Oct 3, 2024","4,900.00","4,960.00","4,860.00","4,920.00","354,814,800"
"Oct 2, 2024","5,000.00","5,075.00","4,900.00","4,940.00","307,487,600"
"Oct 1, 2024","4,970.00","5,075.00","4,970.00","5,075.00","197,069,300"
"Sep 30, 2024","5,050.00","5,050.00","4,950.00","4,950.00","539,169,900"
"Sep 27, 2024","5,050.00","5,150.00","5,000.00","5,100.00","304,694,300"
"Sep 26, 2024","5,150.00","5,200.00","5,025.00","5,050.00","855,266,800"
"Sep 25, 2024","5,400.00","5,425.00","5,200.00","5,325.00","607,065,900"
"Sep 24, 2024","5,550.00","5,575.00","5,525.00","5,525.00","195,415,700"
"Sep 23, 2024","5,350.00","5,500.00","5,350.00","5,500.00","245,292,000"
"Sep 20, 2024","5,400.00","5,450.00","5,375.00","5,375.00","260,437,400"
"Sep 19, 2024","5,425.00","5,500.00","5,400.00","5,400.00","332,941,100"
"Sep 18, 2024","5,350.00","5,375.00","5,325.00","5,350.00","186,877,300"
"Sep 17, 2024","5,350.00","5,350.00","5,250.00","5,300.00","201,331,600"
"Sep 13, 2024","5,200.00","5,300.00","5,175.00","5,300.00","259,722,600"
"Sep 12, 2024","5,175.00","5,225.00","5,150.00","5,175.00","138,542,100"
"Sep 11, 2024","5,225.00","5,250.00","5,125.00","5,175.00","165,284,900"
"Sep 10, 2024","5,200.00","5,250.00","5,125.00","5,250.00","202,326,400"
"Sep 9, 2024","5,275.00","5,300.00","5,150.00","5,175.00","201,448,700"
"Sep 6, 2024","5,200.00","5,250.00","5,150.00","5,225.00","170,520,700"
"Sep 5, 2024","5,125.00","5,150.00","5,075.00","5,150.00","166,436,800"
"Sep 4, 2024","5,100.00","5,175.00","5,100.00","5,100.00","141,890,400"
"Sep 3, 2024","5,225.00","5,250.00","5,150.00","5,175.00","166,033,900"
"Sep 2, 2024","5,150.00","5,225.00","5,150.00","5,175.00","136,717,200"
"Aug 30, 2024","5,175.00","5,175.00","5,125.00","5,150.00","275,298,000"
"Aug 29, 2024","5,125.00","5,175.00","5,100.00","5,125.00","160,041,900"
"Aug 28, 2024","5,100.00","5,175.00","5,025.00","5,150.00","277,561,700"
"Aug 27, 2024","5,250.00","5,275.00","5,100.00","5,175.00","271,088,700"
"Aug 26, 2024","5,200.00","5,325.00","5,200.00","5,300.00","361,169,800"
"Aug 23, 2024","5,150.00","5,200.00","5,125.00","5,150.00","217,759,300"
"Aug 22, 2024","5,125.00","5,150.00","5,025.00","5,050.00","474,043,100"
"Aug 21, 2024","4,990.00","5,100.00","4,980.00","5,100.00","390,307,000"
"Aug 20, 2024","4,860.00","4,950.00","4,840.00","4,950.00","310,085,500"
"Aug 19, 2024","4,820.00","4,820.00","4,750.00","4,820.00","196,203,200"
"Aug 16, 2024","4,850.00","4,870.00","4,830.00","4,830.00","149,701,700"
"Aug 15, 2024","4,850.00","4,870.00","4,790.00","4,830.00","214,394,900"
"Aug 14, 2024","4,770.00","4,840.00","4,760.00","4,820.00","262,716,500"
"Aug 13, 2024","4,700.00","4,750.00","4,690.00","4,720.00","109,533,400"
"Aug 12, 2024","4,720.00","4,720.00","4,650.00","4,680.00","83,552,800"
"Aug 9, 2024","4,700.00","4,730.00","4,670.00","4,670.00","98,730,900"
"Aug 8, 2024","4,600.00","4,690.00","4,590.00","4,660.00","131,343,400"
"Aug 7, 2024","4,640.00","4,640.00","4,590.00","4,620.00","125,937,500"
"Aug 6, 2024","4,550.00","4,650.00","4,520.00","4,600.00","238,051,800"
"Aug 5, 2024","4,660.00","4,670.00","4,510.00","4,530.00","329,430,900"
"Aug 2, 2024","4,730.00","4,750.00","4,690.00","4,710.00","113,328,400"
"Aug 1, 2024","4,710.00","4,750.00","4,690.00","4,750.00","169,636,700"
"Jul 31, 2024","4,650.00","4,710.00","4,650.00","4,670.00","168,490,300"
"Jul 30, 2024","4,720.00","4,740.00","4,670.00","4,670.00","201,835,700"
"Jul 29, 2024","4,800.00","4,800.00","4,760.00","4,780.00","126,109,900"
"Jul 26, 2024","4,760.00","4,810.00","4,740.00","4,760.00","192,267,300"
"Jul 25, 2024","4,760.00","4,760.00","4,660.00","4,700.00","274,397,700"
"Jul 24, 2024","4,770.00","4,800.00","4,760.00","4,780.00","116,037,600"
"Jul 23, 2024","4,900.00","4,910.00","4,780.00","4,790.00","170,919,500"
"Jul 22, 2024","4,920.00","4,940.00","4,880.00","4,910.00","140,128,300"
"Jul 19, 2024","4,870.00","4,910.00","4,850.00","4,900.00","135,104,800"
"Jul 18, 2024","4,760.00","4,890.00","4,750.00","4,890.00","296,614,900"
"Jul 17, 2024","4,750.00","4,810.00","4,720.00","4,760.00","263,325,400"
"Jul 16, 2024","4,820.00","4,840.00","4,730.00","4,730.00","189,271,400"
"Jul 15, 2024","4,920.00","4,930.00","4,810.00","4,820.00","188,713,000"
"Jul 12, 2024","4,970.00","4,980.00","4,880.00","4,900.00","301,125,400"
"Jul 11, 2024","4,910.00","4,920.00","4,840.00","4,840.00","170,461,300"
"Jul 10, 2024","4,870.00","4,920.00","4,840.00","4,850.00","167,619,700"
"Jul 9, 2024","4,780.00","4,930.00","4,750.00","4,870.00","291,320,400"
"Jul 8, 2024","4,800.00","4,830.00","4,740.00","4,750.00","222,042,100"
"Jul 5, 2024","4,850.00","4,870.00","4,790.00","4,800.00","218,278,000"
"Jul 4, 2024","4,680.00","4,830.00","4,660.00","4,790.00","422,261,500"
"Jul 3, 2024","4,630.00","4,640.00","4,560.00","4,600.00","176,310,400"
"Jul 2, 2024","4,610.00","4,630.00","4,570.00","4,570.00","234,403,100"
"Jul 1, 2024","4,630.00","4,670.00","4,560.00","4,630.00","261,421,200"
"Jun 28, 2024","4,590.00","4,640.00","4,580.00","4,600.00","581,319,300"
"Jun 27, 2024","4,410.00","4,500.00","4,380.00","4,460.00","299,430,600"
"Jun 26, 2024","4,390.00","4,430.00","4,350.00","4,370.00","150,303,400"
"Jun 25, 2024","4,320.00","4,400.00","4,280.00","4,380.00","383,572,500"
"Jun 24, 2024","4,440.00","4,510.00","4,400.00","4,400.00","303,830,800"
"Jun 21, 2024","4,280.00","4,490.00","4,260.00","4,440.00","532,713,300"
"Jun 20, 2024","4,130.00","4,270.00","4,130.00","4,270.00","387,133,400"
"Jun 19, 2024","4,100.00","4,240.00","4,090.00","4,100.00","410,338,400"
"Jun 14, 2024","4,300.00","4,320.00","4,170.00","4,180.00","358,893,200"
"Jun 13, 2024","4,400.00","4,420.00","4,300.00","4,310.00","238,349,600"
"Jun 12, 2024","4,340.00","4,360.00","4,310.00","4,350.00","187,332,500"
"Jun 11, 2024","4,380.00","4,440.00","4,340.00","4,340.00","197,854,400"
"Jun 10, 2024","4,350.00","4,430.00","4,320.00","4,400.00","181,387,000"
"Jun 7, 2024","4,490.00","4,500.00","4,350.00","4,350.00","375,439,600"
"Jun 6, 2024","4,450.00","4,500.00","4,390.00","4,500.00","281,534,200"
"Jun 5, 2024","4,500.00","4,500.00","4,400.00","4,400.00","240,788,500"
"Jun 4, 2024","4,560.00","4,590.00","4,450.00","4,450.00","332,902,200"
"Jun 3, 2024","4,430.00","4,560.00","4,400.00","4,530.00","345,770,100"
"May 31, 2024","4,430.00","4,470.00","4,330.00","4,340.00","655,144,100"
"May 30, 2024","4,400.00","4,480.00","4,310.00","4,380.00","502,927,800"
"May 29, 2024","4,480.00","4,500.00","4,400.00","4,410.00","465,008,500"
"May 28, 2024","4,580.00","4,630.00","4,520.00","4,530.00","258,070,200"
"May 27, 2024","4,700.00","4,720.00","4,550.00","4,550.00","363,719,300"
"May 22, 2024","4,650.00","4,770.00","4,650.00","4,720.00","215,066,000"
"May 21, 2024","4,810.00","4,870.00","4,680.00","4,680.00","271,568,800"
"May 20, 2024","4,990.00","5,050.00","4,820.00","4,820.00","335,150,700"
"May 17, 2024","4,840.00","4,960.00","4,820.00","4,920.00","208,991,800"
"May 16, 2024","4,930.00","4,960.00","4,840.00","4,840.00","371,295,000"
"May 15, 2024","4,780.00","4,870.00","4,760.00","4,820.00","298,990,300"
"May 14, 2024","4,720.00","4,810.00","4,700.00","4,730.00","341,458,900"
"May 13, 2024","4,650.00","4,700.00","4,630.00","4,680.00","320,067,100"
"May 8, 2024","4,650.00","4,740.00","4,570.00","4,680.00","572,275,800"
"May 7, 2024","4,770.00","4,780.00","4,670.00","4,670.00","304,013,600"
"May 6, 2024","4,800.00","4,840.00","4,730.00","4,790.00","262,707,400"
"May 3, 2024","4,760.00","4,830.00","4,710.00","4,750.00","321,697,200"
"May 2, 2024","4,910.00","4,920.00","4,700.00","4,760.00","636,922,100"
"Apr 30, 2024","4,850.00","5,050.00","4,820.00","4,940.00","565,609,200"
"Apr 29, 2024","4,700.00","4,890.00","4,680.00","4,770.00","700,644,800"
"Apr 26, 2024","5,050.00","5,100.00","4,830.00","4,830.00","782,589,900"
"Apr 25, 2024","5,125.00","5,200.00","5,050.00","5,150.00","479,170,900"
"Apr 24, 2024","5,250.00","5,350.00","5,150.00","5,225.00","471,241,400"
"Apr 23, 2024","5,350.00","5,400.00","5,225.00","5,300.00","281,403,100"
"Apr 22, 2024","5,200.00","5,325.00","5,150.00","5,300.00","342,282,800"
"Apr 19, 2024","5,350.00","5,375.00","5,250.00","5,275.00","258,211,500"
"Apr 18, 2024","5,300.00","5,500.00","5,300.00","5,475.00","247,410,700"
"Apr 17, 2024","5,475.00","5,500.00","5,300.00","5,300.00","244,002,000"
"Apr 16, 2024","5,375.00","5,575.00","5,350.00","5,350.00","600,717,500"
"Apr 5, 2024","5,625.00","5,700.00","5,625.00","5,650.00","178,817,800"
"Apr 4, 2024","5,650.00","5,750.00","5,650.00","5,700.00","131,936,100"
"Apr 3, 2024","5,575.00","5,675.00","5,525.00","5,625.00","333,518,700"
"Apr 2, 2024","5,850.00","5,950.00","5,625.00","5,675.00","412,180,900"
"Apr 1, 2024","6,000.00","6,025.00","5,825.00","5,925.00","217,207,800"
"Mar 28, 2024","6,100.00","6,200.00","6,025.00","6,050.00","288,926,900"
"Mar 27, 2024","6,300.00","6,325.00","6,225.00","6,250.00","73,308,900"
"Mar 26, 2024","6,300.00","6,300.00","6,200.00","6,300.00","120,748,400"
"Mar 25, 2024","6,250.00","6,250.00","6,125.00","6,250.00","115,729,600"
"Mar 22, 2024","6,050.00","6,125.00","6,050.00","6,125.00","46,529,200"
"Mar 21, 2024","6,175.00","6,200.00","6,100.00","6,100.00","136,020,000"
"Mar 20, 2024","6,000.00","6,100.00","6,000.00","6,100.00","120,885,400"
"Mar 19, 2024","6,000.00","6,050.00","5,975.00","6,000.00","114,338,600"
"Mar 18, 2024","6,000.00","6,100.00","5,975.00","6,000.00","110,564,700"
"Mar 15, 2024","6,000.00","6,075.00","5,950.00","5,975.00","305,995,800"
"Mar 14, 2024","235.00","","","",""
"Mar 14, 2024","6,175.00","6,200.00","6,050.00","6,150.00","271,254,000"
"Mar 13, 2024","6,350.00","6,450.00","6,350.00","6,400.00","195,173,100"
"Mar 8, 2024","6,275.00","6,400.00","6,250.00","6,350.00","163,060,000"
"Mar 7, 2024","6,200.00","6,275.00","6,200.00","6,225.00","117,724,700"
"Mar 6, 2024","6,100.00","6,200.00","6,100.00","6,200.00","84,108,800"
"Mar 5, 2024","6,100.00","6,175.00","6,075.00","6,125.00","115,084,600"
"Mar 4, 2024","6,125.00","6,125.00","6,050.00","6,050.00","70,354,900"
"Mar 1, 2024","6,175.00","6,175.00","6,075.00","6,125.00","76,286,400"
"Feb 29, 2024","6,150.00","6,200.00","6,125.00","6,125.00","173,774,600"
"Feb 28, 2024","6,100.00","6,225.00","6,100.00","6,225.00","97,236,700"
"Feb 27, 2024","6,125.00","6,200.00","6,125.00","6,125.00","99,187,500"
"Feb 26, 2024","6,100.00","6,200.00","6,075.00","6,175.00","98,920,800"
"Feb 23, 2024","6,125.00","6,175.00","6,050.00","6,125.00","148,643,000"
"Feb 22, 2024","6,250.00","6,300.00","6,225.00","6,250.00","100,256,000"
"Feb 21, 2024","6,325.00","6,375.00","6,225.00","6,300.00","168,423,000"
"Feb 20, 2024","6,175.00","6,300.00","6,175.00","6,300.00","160,872,600"
"Feb 19, 2024","6,125.00","6,175.00","6,075.00","6,100.00","111,382,900"
"Feb 16, 2024","6,150.00","6,200.00","6,125.00","6,150.00","130,814,400"
"Feb 15, 2024","6,275.00","6,275.00","6,100.00","6,125.00","308,685,100"
"Feb 13, 2024","6,050.00","6,050.00","5,950.00","6,000.00","145,852,200"
"Feb 12, 2024","5,875.00","6,025.00","5,850.00","6,025.00","171,514,600"
"Feb 7, 2024","5,850.00","5,900.00","5,825.00","5,850.00","147,005,300"
"Feb 6, 2024","5,900.00","5,900.00","5,800.00","5,825.00","126,704,300"
"Feb 5, 2024","5,800.00","5,825.00","5,750.00","5,775.00","113,760,000"
"Feb 2, 2024","5,800.00","5,850.00","5,750.00","5,850.00","177,209,700"
"Feb 1, 2024","5,775.00","5,800.00","5,725.00","5,750.00","156,633,900"
"Jan 31, 2024","5,725.00","5,775.00","5,675.00","5,700.00","245,117,200"
"Jan 30, 2024","5,525.00","5,650.00","5,475.00","5,625.00","150,513,700"
"Jan 29, 2024","5,400.00","5,575.00","5,400.00","5,575.00","145,629,600"
"Jan 26, 2024","5,450.00","5,475.00","5,400.00","5,425.00","185,244,400"
"Jan 25, 2024","5,575.00","5,650.00","5,525.00","5,525.00","120,478,800"
"Jan 24, 2024","5,675.00","5,700.00","5,575.00","5,650.00","104,225,000"
"Jan 23, 2024","5,700.00","5,750.00","5,650.00","5,700.00","122,999,700"
"Jan 22, 2024","5,775.00","5,800.00","5,700.00","5,775.00","97,545,600"
"Jan 19, 2024","5,750.00","5,800.00","5,700.00","5,800.00","75,370,700"
"Jan 18, 2024","5,800.00","5,800.00","5,700.00","5,750.00","87,259,100"
"Jan 17, 2024","5,825.00","5,825.00","5,750.00","5,775.00","107,941,600"
"Jan 16, 2024","5,825.00","5,875.00","5,775.00","5,825.00","97,074,300"
"Jan 15, 2024","5,850.00","5,900.00","5,775.00","5,825.00","115,126,700"
"Jan 12, 2024","5,800.00","5,850.00","5,775.00","5,850.00","109,715,700"
"Jan 11, 2024","5,750.00","5,800.00","5,700.00","5,750.00","116,804,400"
"Jan 10, 2024","5,625.00","5,700.00","5,625.00","5,700.00","82,626,400"
"Jan 9, 2024","5,625.00","5,700.00","5,625.00","5,700.00","105,666,200"
"Jan 8, 2024","5,750.00","5,800.00","5,625.00","5,625.00","152,015,000"
"Jan 5, 2024","5,725.00","5,850.00","5,700.00","5,750.00","134,929,600"
"Jan 4, 2024","5,600.00","5,700.00","5,575.00","5,700.00","92,683,500"
"Jan 3, 2024","5,625.00","5,650.00","5,600.00","5,600.00","83,659,700"
"Jan 2, 2024","84.00","","","",""
"Jan 2, 2024","5,650.00","5,675.00","5,625.00","5,675.00","91,143,100"
"Dec 29, 2023","5,750.00","5,750.00","5,675.00","5,725.00","93,126,000"
"Dec 28, 2023","5,700.00","5,750.00","5,675.00","5,725.00","121,434,600"
"Dec 27, 2023","5,700.00","5,725.00","5,625.00","5,625.00","122,236,700"
"Dec 22, 2023","5,650.00","5,700.00","5,600.00","5,675.00","109,411,300"
"Dec 21, 2023","5,550.00","5,600.00","5,525.00","5,575.00","99,049,600"
"Dec 20, 2023","5,700.00","5,700.00","5,550.00","5,550.00","138,470,900"
"Dec 19, 2023","5,450.00","5,550.00","5,450.00","5,550.00","135,207,300"
"Dec 18, 2023","5,575.00","5,575.00","5,500.00","5,500.00","102,780,900"
"Dec 15, 2023","5,575.00","5,600.00","5,550.00","5,550.00","252,448,800"
"Dec 14, 2023","5,450.00","5,550.00","5,425.00","5,550.00","239,261,700"
"Dec 13, 2023","5,300.00","5,350.00","5,275.00","5,300.00","98,881,600"
"Dec 12, 2023","5,375.00","5,400.00","5,325.00","5,325.00","134,501,600"
"Dec 11, 2023","5,325.00","5,375.00","5,300.00","5,300.00","124,468,600"
"Dec 8, 2023","5,425.00","5,450.00","5,375.00","5,375.00","130,542,600"
"Dec 7, 2023","5,400.00","5,475.00","5,400.00","5,475.00","102,126,600"
"Dec 6, 2023","5,425.00","5,450.00","5,400.00","5,425.00","119,716,700"
"Dec 5, 2023","5,425.00","5,500.00","5,425.00","5,450.00","114,689,900"
"Dec 4, 2023","5,450.00","5,575.00","5,450.00","5,500.00","235,595,700"
"Dec 1, 2023","5,275.00","5,375.00","5,275.00","5,350.00","99,499,500"
"Nov 30, 2023","5,375.00","5,375.00","5,275.00","5,275.00","224,426,400"
"Nov 29, 2023","5,350.00","5,375.00","5,300.00","5,300.00","106,197,800"
"Nov 28, 2023","5,325.00","5,425.00","5,325.00","5,350.00","147,993,400"
"Nov 27, 2023","5,425.00","5,450.00","5,350.00","5,350.00","76,019,100"
"Nov 24, 2023","5,400.00","5,450.00","5,375.00","5,400.00","92,571,400"
"Nov 23, 2023","5,325.00","5,400.00","5,300.00","5,350.00","174,572,400"
"Nov 22, 2023","5,175.00","5,300.00","5,175.00","5,275.00","103,585,500"
"Nov 21, 2023","5,225.00","5,250.00","5,175.00","5,200.00","104,110,500"
"Nov 20, 2023","5,175.00","5,275.00","5,175.00","5,250.00","54,123,600"
"Nov 17, 2023","5,175.00","5,250.00","5,175.00","5,225.00","70,727,500"
"Nov 16, 2023","5,275.00","5,275.00","5,175.00","5,250.00","99,488,800"
"Nov 15, 2023","5,200.00","5,300.00","5,175.00","5,250.00","193,790,400"
"Nov 14, 2023","5,075.00","5,125.00","5,050.00","5,075.00","85,419,500"
"Nov 13, 2023","5,075.00","5,125.00","5,025.00","5,025.00","63,126,900"
"Nov 10, 2023","5,150.00","5,150.00","5,050.00","5,075.00","113,811,900"
"Nov 9, 2023","5,225.00","5,275.00","5,200.00","5,200.00","66,236,400"
"Nov 8, 2023","5,200.00","5,250.00","5,175.00","5,225.00","86,713,700"
"Nov 7, 2023","5,225.00","5,275.00","5,175.00","5,250.00","137,039,400"
"Nov 6, 2023","5,100.00","5,200.00","5,100.00","5,200.00","122,333,800"
"Nov 3, 2023","5,025.00","5,175.00","5,025.00","5,100.00","125,504,000"
"Nov 2, 2023","4,940.00","5,075.00","4,910.00","5,000.00","208,075,400"
"Nov 1, 2023","4,920.00","4,960.00","4,830.00","4,830.00","191,567,200"
"Oct 31, 2023","4,980.00","5,000.00","4,960.00","4,960.00","106,760,300"
"Oct 30, 2023","4,980.00","5,025.00","4,970.00","5,000.00","108,523,700"
"Oct 27, 2023","4,950.00","5,050.00","4,940.00","5,000.00","129,599,800"
"Oct 26, 2023","5,175.00","5,175.00","4,920.00","4,920.00","330,618,800"
"Oct 25, 2023","5,100.00","5,200.00","5,100.00","5,175.00","142,215,000"
"Oct 24, 2023","5,000.00","5,100.00","4,950.00","5,100.00","104,021,500"
"Oct 23, 2023","5,000.00","5,075.00","4,990.00","5,000.00","82,756,100"
"Oct 20, 2023","4,980.00","5,100.00","4,960.00","5,050.00","173,353,600"
"Oct 19, 2023","5,100.00","5,150.00","5,000.00","5,000.00","195,831,400"
"Oct 18, 2023","5,125.00","5,225.00","5,125.00","5,150.00","77,217,600"
"Oct 17, 2023","5,250.00","5,275.00","5,150.00","5,150.00","127,287,200"
"Oct 16, 2023","5,325.00","5,325.00","5,250.00","5,250.00","45,782,300"
"Oct 13, 2023","5,275.00","5,325.00","5,250.00","5,275.00","84,648,800"
"Oct 12, 2023","5,300.00","5,375.00","5,275.00","5,300.00","174,022,400"
"Oct 11, 2023","5,150.00","5,275.00","5,150.00","5,250.00","100,394,800"
"Oct 10, 2023","5,125.00","5,250.00","5,125.00","5,175.00","98,457,000"
"Oct 9, 2023","5,200.00","5,225.00","5,125.00","5,125.00","144,477,000"
"Oct 6, 2023","5,200.00","5,250.00","5,175.00","5,175.00","70,202,300"
"Oct 5, 2023","5,250.00","5,275.00","5,175.00","5,175.00","116,814,800"
"Oct 4, 2023","5,250.00","5,275.00","5,200.00","5,250.00","121,445,000"
"Oct 3, 2023","5,250.00","5,300.00","5,250.00","5,275.00","54,462,700"
"Oct 2, 2023","5,250.00","5,300.00","5,250.00","5,250.00","81,674,600"
"Sep 29, 2023","5,300.00","5,325.00","5,225.00","5,225.00","140,331,100"
"Sep 27, 2023","5,175.00","5,300.00","5,175.00","5,225.00","119,774,700"
"Sep 26, 2023","5,250.00","5,275.00","5,200.00","5,200.00","180,280,600"
"Sep 25, 2023","5,325.00","5,350.00","5,200.00","5,300.00","120,196,700"
"Sep 22, 2023","5,350.00","5,425.00","5,350.00","5,350.00","83,184,100"
"Sep 21, 2023","5,425.00","5,425.00","5,350.00","5,350.00","68,584,900"
"Sep 20, 2023","5,350.00","5,450.00","5,350.00","5,375.00","98,710,100"
"Sep 19, 2023","5,325.00","5,375.00","5,300.00","5,375.00","50,612,700"
"Sep 18, 2023","5,350.00","5,400.00","5,300.00","5,325.00","61,329,000"
"Sep 15, 2023","5,400.00","5,450.00","5,375.00","5,375.00","141,455,400"
"Sep 14, 2023","5,325.00","5,425.00","5,325.00","5,425.00","76,831,700"
"Sep 13, 2023","5,350.00","5,425.00","5,350.00","5,400.00","59,408,000"
"Sep 12, 2023","5,450.00","5,475.00","5,375.00","5,375.00","121,654,400"
"Sep 11, 2023","5,350.00","5,425.00","5,300.00","5,425.00","80,474,100"
"Sep 8, 2023","5,425.00","5,450.00","5,300.00","5,350.00","243,324,500"
"Sep 7, 2023","5,525.00","5,550.00","5,450.00","5,450.00","157,998,600"
"Sep 6, 2023","5,625.00","5,650.00","5,575.00","5,575.00","106,367,800"
"Sep 5, 2023","5,625.00","5,650.00","5,600.00","5,625.00","72,464,300"
"Sep 4, 2023","5,600.00","5,625.00","5,575.00","5,625.00","43,898,200"
"Sep 1, 2023","5,600.00","5,600.00","5,525.00","5,575.00","87,366,100"
"Aug 31, 2023","5,525.00","5,550.00","5,475.00","5,550.00","175,088,200"
"Aug 30, 2023","5,600.00","5,600.00","5,500.00","5,525.00","171,282,700"
"Aug 29, 2023","5,525.00","5,600.00","5,525.00","5,600.00","57,547,200"
"Aug 28, 2023","5,600.00","5,625.00","5,550.00","5,550.00","37,126,600"
"Aug 25, 2023","5,550.00","5,600.00","5,525.00","5,600.00","65,096,500"
"Aug 24, 2023","5,625.00","5,625.00","5,550.00","5,550.00","74,407,500"
"Aug 23, 2023","5,600.00","5,625.00","5,575.00","5,600.00","78,686,900"
"Aug 22, 2023","5,500.00","5,625.00","5,500.00","5,575.00","101,221,500"
"Aug 21, 2023","5,550.00","5,575.00","5,500.00","5,500.00","91,640,000"
"Aug 18, 2023","5,500.00","5,600.00","5,500.00","5,575.00","121,561,200"
"Aug 16, 2023","5,550.00","5,575.00","5,450.00","5,525.00","188,191,900"
"Aug 15, 2023","5,650.00","5,675.00","5,575.00","5,575.00","89,597,300"
"Aug 14, 2023","5,650.00","5,675.00","5,575.00","5,650.00","127,358,400"
"Aug 11, 2023","5,675.00","5,700.00","5,650.00","5,650.00","74,321,000"
"Aug 10, 2023","5,675.00","5,725.00","5,675.00","5,700.00","85,474,200"
"Aug 9, 2023","5,650.00","5,725.00","5,625.00","5,700.00","91,930,000"
"Aug 8, 2023","5,700.00","5,750.00","5,600.00","5,625.00","89,189,600"
"Aug 7, 2023","5,600.00","5,725.00","5,575.00","5,700.00","88,104,900"
"Aug 4, 2023","5,700.00","5,725.00","5,575.00","5,575.00","150,738,500"
"Aug 3, 2023","5,675.00","5,750.00","5,650.00","5,700.00","82,775,000"
"Aug 2, 2023","5,650.00","5,725.00","5,650.00","5,700.00","90,611,300"
"Aug 1, 2023","5,650.00","5,750.00","5,650.00","5,700.00","100,137,500"
"Jul 31, 2023","5,700.00","5,700.00","5,650.00","5,650.00","186,727,400"
"Jul 28, 2023","5,625.00","5,700.00","5,625.00","5,700.00","74,036,700"
"Jul 27, 2023","5,675.00","5,750.00","5,650.00","5,650.00","109,859,200"
"Jul 26, 2023","5,700.00","5,700.00","5,650.00","5,675.00","76,200,300"
"Jul 25, 2023","5,625.00","5,700.00","5,625.00","5,650.00","111,248,100"
"Jul 24, 2023","5,600.00","5,650.00","5,600.00","5,600.00","62,962,500"
"Jul 21, 2023","5,600.00","5,625.00","5,575.00","5,625.00","63,094,600"
"Jul 20, 2023","5,575.00","5,650.00","5,550.00","5,625.00","111,117,300"
"Jul 18, 2023","5,625.00","5,700.00","5,600.00","5,625.00","120,810,300"
"Jul 17, 2023","5,550.00","5,625.00","5,525.00","5,575.00","166,951,300"
"Jul 14, 2023","5,450.00","5,525.00","5,425.00","5,525.00","127,814,200"
"Jul 13, 2023","5,425.00","5,475.00","5,425.00","5,450.00","134,905,700"
"Jul 12, 2023","5,450.00","5,475.00","5,425.00","5,450.00","104,993,700"
"Jul 11, 2023","5,375.00","5,450.00","5,375.00","5,425.00","122,094,700"
"Jul 10, 2023","5,425.00","5,500.00","5,400.00","5,400.00","78,972,100"
"Jul 7, 2023","5,400.00","5,425.00","5,375.00","5,375.00","114,043,800"
"Jul 6, 2023","5,450.00","5,475.00","5,400.00","5,425.00","109,446,200"
"Jul 5, 2023","5,400.00","5,450.00","5,400.00","5,450.00","109,632,800"
"Jul 4, 2023","5,500.00","5,500.00","5,425.00","5,450.00","94,462,600"
"Jul 3, 2023","5,500.00","5,550.00","5,450.00","5,475.00","168,559,800"
"Jun 27, 2023","5,450.00","5,500.00","5,425.00","5,425.00","110,716,500"
"Jun 26, 2023","5,425.00","5,475.00","5,375.00","5,450.00","85,472,100"
"Jun 23, 2023","5,425.00","5,475.00","5,400.00","5,400.00","123,350,300"
"Jun 22, 2023","5,550.00","5,600.00","5,475.00","5,475.00","94,143,200"
"Jun 21, 2023","5,500.00","5,575.00","5,500.00","5,575.00","84,605,400"
"Jun 20, 2023","5,475.00","5,550.00","5,475.00","5,550.00","102,926,800"
"Jun 19, 2023","5,500.00","5,525.00","5,450.00","5,525.00","55,144,200"
"Jun 16, 2023","5,475.00","5,550.00","5,400.00","5,550.00","189,062,600"
"Jun 15, 2023","5,475.00","5,525.00","5,450.00","5,525.00","74,388,400"
"Jun 14, 2023","5,575.00","5,575.00","5,475.00","5,550.00","79,137,600"
"Jun 13, 2023","5,400.00","5,550.00","5,400.00","5,550.00","108,831,400"
"Jun 12, 2023","5,400.00","5,400.00","5,375.00","5,400.00","92,314,200"
"Jun 9, 2023","5,425.00","5,450.00","5,375.00","5,425.00","77,251,000"
"Jun 8, 2023","5,375.00","5,475.00","5,350.00","5,475.00","92,794,100"
"Jun 7, 2023","5,475.00","5,475.00","5,350.00","5,400.00","150,377,000"
"Jun 6, 2023","5,400.00","5,500.00","5,350.00","5,450.00","92,019,300"
"Jun 5, 2023","5,600.00","5,600.00","5,425.00","5,425.00","255,472,600"
"May 31, 2023","5,575.00","5,575.00","5,375.00","5,575.00","898,453,700"
"May 30, 2023","5,500.00","5,600.00","5,500.00","5,500.00","67,363,200"
"May 29, 2023","5,600.00","5,625.00","5,475.00","5,550.00","125,049,100"
"May 26, 2023","5,425.00","5,600.00","5,425.00","5,600.00","154,003,100"
"May 25, 2023","5,500.00","5,575.00","5,450.00","5,475.00","224,391,900"
"May 24, 2023","5,525.00","5,600.00","5,450.00","5,600.00","187,436,100"
"May 23, 2023","5,475.00","5,600.00","5,475.00","5,500.00","255,251,600"
"May 22, 2023","5,300.00","5,500.00","5,300.00","5,425.00","162,655,900"
"May 19, 2023","5,225.00","5,450.00","5,200.00","5,400.00","185,672,200"
"May 17, 2023","5,250.00","5,250.00","5,175.00","5,200.00","115,834,500"
"May 16, 2023","5,175.00","5,200.00","5,100.00","5,200.00","73,611,200"
"May 15, 2023","5,150.00","5,175.00","5,025.00","5,150.00","163,732,600"
"May 12, 2023","5,100.00","5,175.00","5,100.00","5,150.00","92,625,800"
"May 11, 2023","5,175.00","5,175.00","5,100.00","5,150.00","85,618,800"
"May 10, 2023","5,075.00","5,150.00","5,050.00","5,150.00","108,369,600"
"May 9, 2023","5,050.00","5,125.00","5,025.00","5,125.00","102,987,300"
"May 8, 2023","5,250.00","5,250.00","5,050.00","5,100.00","107,804,200"
"May 5, 2023","5,225.00","5,250.00","5,125.00","5,225.00","182,599,600"
"May 4, 2023","5,150.00","5,175.00","5,075.00","5,150.00","140,482,000"
"May 3, 2023","5,225.00","5,225.00","5,050.00","5,100.00","183,524,700"
"May 2, 2023","5,175.00","5,175.00","5,050.00","5,150.00","84,246,100"
"Apr 28, 2023","5,175.00","5,275.00","5,100.00","5,100.00","251,912,000"
"Apr 27, 2023","4,990.00","5,150.00","4,990.00","5,150.00","125,947,200"
"Apr 26, 2023","5,150.00","5,150.00","4,930.00","5,025.00","273,336,000"
"Apr 18, 2023","4,990.00","5,025.00","4,950.00","4,950.00","95,747,700"
"Apr 17, 2023","5,075.00","5,075.00","4,960.00","4,990.00","121,231,300"
"Apr 14, 2023","5,050.00","5,100.00","5,000.00","5,075.00","190,097,200"
"Apr 13, 2023","4,950.00","5,000.00","4,930.00","4,980.00","141,279,800"
"Apr 12, 2023","4,950.00","4,950.00","4,890.00","4,930.00","194,839,900"
"Apr 11, 2023","4,860.00","4,890.00","4,830.00","4,880.00","67,275,600"
"Apr 10, 2023","4,860.00","4,860.00","4,820.00","4,860.00","58,886,800"
"Apr 6, 2023","4,860.00","4,860.00","4,820.00","4,840.00","88,012,300"
"Apr 5, 2023","4,810.00","4,880.00","4,800.00","4,830.00","119,316,500"
"Apr 4, 2023","4,800.00","4,820.00","4,760.00","4,820.00","88,097,800"
"Apr 3, 2023","4,770.00","4,800.00","4,760.00","4,800.00","133,511,700"
"Mar 31, 2023","4,730.00","4,750.00","4,710.00","4,730.00","161,561,800"
"Mar 30, 2023","4,810.00","4,810.00","4,740.00","4,750.00","98,847,200"
"Mar 29, 2023","4,800.00","4,820.00","4,770.00","4,810.00","141,800,500"
"Mar 28, 2023","4,740.00","4,780.00","4,740.00","4,770.00","105,217,100"
"Mar 27, 2023","4,750.00","4,790.00","4,720.00","4,740.00","144,925,200"
"Mar 24, 2023","231.22","","","",""
"Mar 24, 2023","4,750.00","4,820.00","4,720.00","4,770.00","266,103,900"
"Mar 21, 2023","4,870.00","4,920.00","4,840.00","4,900.00","214,639,300"
"Mar 20, 2023","4,840.00","4,880.00","4,820.00","4,880.00","113,829,400"
"Mar 17, 2023","4,770.00","4,900.00","4,750.00","4,900.00","267,753,300"
"Mar 16, 2023","4,700.00","4,750.00","4,640.00","4,730.00","155,984,500"
"Mar 15, 2023","4,760.00","4,770.00","4,700.00","4,700.00","107,761,200"
"Mar 14, 2023","4,770.00","4,790.00","4,690.00","4,710.00","192,444,400"
"Mar 13, 2023","4,810.00","4,870.00","4,770.00","4,830.00","106,769,300"
"Mar 10, 2023","4,820.00","4,830.00","4,800.00","4,820.00","125,140,500"
"Mar 9, 2023","4,860.00","4,870.00","4,810.00","4,810.00","79,549,800"
"Mar 8, 2023","4,850.00","4,850.00","4,820.00","4,840.00","125,766,100"
"Mar 7, 2023","4,770.00","4,850.00","4,770.00","4,840.00","111,953,700"
"Mar 6, 2023","4,790.00","4,800.00","4,780.00","4,790.00","78,292,000"
"Mar 3, 2023","4,800.00","4,800.00","4,730.00","4,760.00","84,777,000"
"Mar 2, 2023","4,750.00","4,780.00","4,720.00","4,780.00","59,377,900"
"Mar 1, 2023","4,730.00","4,750.00","4,700.00","4,720.00","115,578,600"
"Feb 28, 2023","4,760.00","4,790.00","4,670.00","4,670.00","273,125,500"
"Feb 27, 2023","4,780.00","4,810.00","4,760.00","4,810.00","89,918,800"
"Feb 24, 2023","4,800.00","4,840.00","4,760.00","4,760.00","46,409,300"
"Feb 23, 2023","4,810.00","4,810.00","4,730.00","4,800.00","139,144,500"
"Feb 22, 2023","4,790.00","4,810.00","4,730.00","4,760.00","107,327,900"
"Feb 21, 2023","4,880.00","4,880.00","4,820.00","4,820.00","59,319,100"
"Feb 20, 2023","4,900.00","4,900.00","4,840.00","4,880.00","88,432,500"
"Feb 17, 2023","4,890.00","4,890.00","4,830.00","4,880.00","104,019,300"
"Feb 16, 2023","4,890.00","4,890.00","4,850.00","4,870.00","69,966,200"
"Feb 15, 2023","4,890.00","4,890.00","4,810.00","4,870.00","84,568,100"
"Feb 14, 2023","4,820.00","4,870.00","4,810.00","4,870.00","120,995,200"
"Feb 13, 2023","4,900.00","4,900.00","4,800.00","4,800.00","144,569,400"
"Feb 10, 2023","4,840.00","4,880.00","4,770.00","4,860.00","181,146,600"
"Feb 9, 2023","4,790.00","4,840.00","4,770.00","4,810.00","177,400,700"
"Feb 8, 2023","4,710.00","4,790.00","4,710.00","4,790.00","168,599,500"
"Feb 7, 2023","4,740.00","4,790.00","4,720.00","4,750.00","140,923,100"
"Feb 6, 2023","4,780.00","4,810.00","4,680.00","4,740.00","141,366,300"
"Feb 3, 2023","4,650.00","4,780.00","4,630.00","4,750.00","198,479,900"
"Feb 2, 2023","4,650.00","4,680.00","4,600.00","4,600.00","145,413,400"
"Feb 1, 2023","4,630.00","4,690.00","4,620.00","4,680.00","181,849,300"
"Jan 31, 2023","4,610.00","4,620.00","4,570.00","4,580.00","280,039,200"
"Jan 30, 2023","4,650.00","4,680.00","4,570.00","4,610.00","185,972,400"
"Jan 27, 2023","4,600.00","4,680.00","4,600.00","4,640.00","178,282,600"
"Jan 26, 2023","4,560.00","4,620.00","4,550.00","4,590.00","113,840,400"
"Jan 25, 2023","4,620.00","4,620.00","4,550.00","4,560.00","84,009,300"
"Jan 24, 2023","4,660.00","4,680.00","4,590.00","4,620.00","81,964,700"
"Jan 20, 2023","4,630.00","4,670.00","4,620.00","4,650.00","116,038,300"
"Jan 19, 2023","4,590.00","4,630.00","4,580.00","4,610.00","117,204,100"
"Jan 18, 2023","4,560.00","4,620.00","4,560.00","4,600.00","178,026,000"
"Jan 17, 2023","4,520.00","4,580.00","4,510.00","4,560.00","150,577,400"
"Jan 16, 2023","4,430.00","4,530.00","4,420.00","4,520.00","172,170,900"
"Jan 13, 2023","4,510.00","4,530.00","4,420.00","4,480.00","134,592,100"
"Jan 12, 2023","4,480.00","4,520.00","4,410.00","4,500.00","210,887,800"
"Jan 11, 2023","4,410.00","4,430.00","4,360.00","4,380.00","211,610,100"
"Jan 10, 2023","57.00","","","",""
"Jan 10, 2023","4,550.00","4,570.00","4,410.00","4,430.00","282,510,000"
"Jan 9, 2023","4,580.00","4,640.00","4,550.00","4,590.00","166,164,900"
"Jan 6, 2023","4,550.00","4,640.00","4,550.00","4,620.00","175,932,000"
"Jan 5, 2023","4,750.00","4,760.00","4,570.00","4,640.00","292,142,000"
"Jan 4, 2023","4,850.00","4,850.00","4,770.00","4,770.00","188,071,000"
"Jan 3, 2023","4,830.00","4,900.00","4,830.00","4,850.00","95,136,500"
"Jan 2, 2023","4,910.00","4,920.00","4,820.00","4,870.00","100,200,100"
"Dec 30, 2022","4,870.00","4,950.00","4,870.00","4,940.00","182,091,500"
"Dec 29, 2022","4,820.00","4,870.00","4,800.00","4,870.00","106,690,700"
"Dec 28, 2022","4,870.00","4,880.00","4,810.00","4,820.00","117,912,500"
"Dec 27, 2022","4,930.00","4,950.00","4,860.00","4,870.00","74,123,800"
"Dec 26, 2022","4,900.00","4,930.00","4,890.00","4,930.00","43,581,100"
"Dec 23, 2022","4,920.00","4,940.00","4,880.00","4,880.00","53,350,600"
"Dec 22, 2022","4,910.00","4,970.00","4,900.00","4,960.00","87,321,400"
"Dec 21, 2022","4,910.00","4,940.00","4,870.00","4,890.00","71,277,800"
"Dec 20, 2022","4,930.00","4,970.00","4,890.00","4,910.00","78,671,600"
"Dec 19, 2022","4,970.00","4,980.00","4,920.00","4,970.00","82,959,800"
"Dec 16, 2022","4,820.00","4,980.00","4,820.00","4,980.00","594,601,900"
"Dec 15, 2022","4,900.00","4,940.00","4,880.00","4,910.00","170,702,300"
"Dec 14, 2022","5,000.00","5,000.00","4,870.00","4,980.00","201,275,800"
"Dec 13, 2022","4,870.00","4,980.00","4,840.00","4,970.00","194,233,200"
"Dec 12, 2022","4,800.00","4,850.00","4,760.00","4,850.00","139,582,400"
"Dec 9, 2022","4,830.00","4,840.00","4,760.00","4,800.00","203,573,100"
"Dec 8, 2022","4,760.00","4,840.00","4,710.00","4,840.00","154,313,900"
"Dec 7, 2022","4,840.00","4,840.00","4,740.00","4,760.00","253,330,100"
"Dec 6, 2022","4,860.00","4,890.00","4,800.00","4,860.00","151,325,300"
"Dec 5, 2022","4,910.00","4,930.00","4,860.00","4,890.00","88,463,000"
"Dec 2, 2022","4,900.00","4,930.00","4,860.00","4,890.00","199,981,400"
"Dec 1, 2022","5,000.00","5,025.00","4,900.00","4,940.00","267,382,600"
"Nov 30, 2022","4,810.00","4,980.00","4,800.00","4,980.00","560,639,800"
"Nov 29, 2022","4,820.00","4,860.00","4,790.00","4,850.00","184,916,300"
"Nov 28, 2022","4,730.00","4,830.00","4,730.00","4,820.00","214,611,600"
"Nov 25, 2022","4,700.00","4,750.00","4,690.00","4,750.00","177,861,100"
"Nov 24, 2022","4,700.00","4,740.00","4,670.00","4,720.00","156,735,700"
"Nov 23, 2022","4,640.00","4,670.00","4,630.00","4,670.00","147,280,600"
"Nov 22, 2022","4,570.00","4,670.00","4,570.00","4,590.00","154,866,000"
"Nov 21, 2022","4,620.00","4,630.00","4,560.00","4,590.00","82,279,300"
"Nov 18, 2022","4,670.00","4,680.00","4,610.00","4,610.00","105,313,200"
"Nov 17, 2022","4,520.00","4,670.00","4,500.00","4,670.00","214,514,600"
"Nov 16, 2022","4,590.00","4,610.00","4,490.00","4,520.00","245,789,200"
"Nov 15, 2022","4,580.00","4,610.00","4,560.00","4,580.00","87,986,300"
"Nov 14, 2022","4,620.00","4,640.00","4,550.00","4,580.00","140,187,600"
"Nov 11, 2022","4,620.00","4,650.00","4,590.00","4,650.00","153,238,500"
"Nov 10, 2022","4,560.00","4,580.00","4,520.00","4,530.00","196,277,400"
"Nov 9, 2022","4,600.00","4,650.00","4,600.00","4,650.00","126,493,900"
"Nov 8, 2022","4,690.00","4,690.00","4,610.00","4,620.00","80,916,300"
"Nov 7, 2022","4,650.00","4,690.00","4,610.00","4,690.00","112,070,500"
"Nov 4, 2022","4,650.00","4,660.00","4,610.00","4,650.00","85,292,300"
"Nov 3, 2022","4,630.00","4,660.00","4,590.00","4,650.00","174,423,000"
"Nov 2, 2022","4,680.00","4,680.00","4,570.00","4,610.00","163,816,900"
"Nov 1, 2022","4,690.00","4,700.00","4,630.00","4,660.00","230,590,200"
"Oct 31, 2022","4,630.00","4,680.00","4,630.00","4,650.00","275,184,000"
"Oct 28, 2022","4,600.00","4,630.00","4,560.00","4,630.00","227,256,400"
"Oct 27, 2022","4,550.00","4,600.00","4,530.00","4,600.00","131,385,300"
"Oct 26, 2022","4,600.00","4,610.00","4,500.00","4,530.00","178,298,500"
"Oct 25, 2022","4,560.00","4,610.00","4,550.00","4,590.00","233,948,800"
"Oct 24, 2022","4,430.00","4,540.00","4,430.00","4,500.00","186,997,700"
"Oct 21, 2022","4,360.00","4,460.00","4,360.00","4,430.00","165,052,200"
"Oct 20, 2022","4,280.00","4,400.00","4,280.00","4,390.00","149,521,700"
"Oct 19, 2022","4,280.00","4,340.00","4,280.00","4,300.00","81,682,300"
"Oct 18, 2022","4,280.00","4,340.00","4,280.00","4,290.00","161,444,100"
"Oct 17, 2022","4,270.00","4,320.00","4,260.00","4,300.00","145,506,000"
"Oct 14, 2022","4,380.00","4,390.00","4,270.00","4,270.00","180,841,100"
"Oct 13, 2022","4,390.00","4,420.00","4,350.00","4,350.00","104,269,900"
"Oct 12, 2022","4,470.00","4,470.00","4,400.00","4,400.00","128,741,800"
"Oct 11, 2022","4,390.00","4,430.00","4,370.00","4,430.00","133,742,200"
"Oct 10, 2022","4,420.00","4,430.00","4,340.00","4,370.00","193,923,600"
"Oct 7, 2022","4,480.00","4,490.00","4,430.00","4,440.00","133,678,600"
"Oct 6, 2022","4,540.00","4,570.00","4,510.00","4,510.00","123,346,200"
"Oct 5, 2022","4,660.00","4,660.00","4,540.00","4,540.00","182,246,200"
"Oct 4, 2022","4,560.00","4,650.00","4,560.00","4,640.00","256,367,100"
"Oct 3, 2022","4,500.00","4,550.00","4,480.00","4,530.00","159,559,600"
"Sep 30, 2022","4,450.00","4,510.00","4,410.00","4,490.00","224,229,200"
"Sep 29, 2022","4,520.00","4,540.00","4,460.00","4,480.00","169,368,600"
"Sep 28, 2022","4,510.00","4,560.00","4,480.00","4,520.00","161,815,300"
"Sep 27, 2022","4,500.00","4,550.00","4,480.00","4,530.00","213,704,600"
"Sep 26, 2022","4,480.00","4,540.00","4,410.00","4,540.00","280,747,500"
"Sep 23, 2022","4,540.00","4,560.00","4,480.00","4,480.00","139,074,000"
"Sep 22, 2022","4,500.00","4,580.00","4,500.00","4,560.00","100,425,300"
"Sep 21, 2022","4,490.00","4,550.00","4,470.00","4,550.00","159,976,900"
"Sep 20, 2022","4,570.00","4,600.00","4,490.00","4,490.00","138,695,500"
"Sep 19, 2022","4,520.00","4,600.00","4,500.00","4,570.00","134,432,000"
"Sep 16, 2022","4,610.00","4,620.00","4,500.00","4,500.00","282,492,200"
"Sep 15, 2022","4,600.00","4,700.00","4,590.00","4,610.00","295,664,100"
"Sep 14, 2022","4,520.00","4,610.00","4,510.00","4,580.00","149,960,600"
"Sep 13, 2022","4,560.00","4,640.00","4,560.00","4,580.00","141,828,800"
"Sep 12, 2022","4,610.00","4,630.00","4,560.00","4,560.00","97,988,000"
"Sep 9, 2022","4,640.00","4,640.00","4,570.00","4,610.00","119,286,700"
"Sep 8, 2022","4,480.00","4,620.00","4,480.00","4,600.00","250,373,200"
"Sep 7, 2022","4,510.00","4,550.00","4,460.00","4,460.00","231,936,700"
"Sep 6, 2022","4,670.00","4,690.00","4,550.00","4,560.00","188,042,700"
"Sep 5, 2022","4,430.00","4,600.00","4,420.00","4,590.00","261,126,600"
"Sep 2, 2022","4,410.00","4,450.00","4,380.00","4,450.00","220,616,600"
"Sep 1, 2022","4,320.00","4,390.00","4,310.00","4,390.00","139,929,300"
"Aug 31, 2022","4,250.00","4,350.00","4,240.00","4,340.00","191,475,700"
"Aug 30, 2022","4,250.00","4,300.00","4,250.00","4,260.00","157,219,500"
"Aug 29, 2022","4,250.00","4,270.00","4,220.00","4,250.00","88,409,800"
"Aug 26, 2022","4,280.00","4,290.00","4,270.00","4,270.00","87,375,200"
"Aug 25, 2022","4,280.00","4,300.00","4,270.00","4,270.00","117,653,800"
"Aug 24, 2022","4,300.00","4,330.00","4,280.00","4,290.00","75,055,900"
"Aug 23, 2022","4,260.00","4,310.00","4,260.00","4,300.00","107,799,500"
"Aug 22, 2022","4,320.00","4,330.00","4,270.00","4,270.00","121,124,400"
"Aug 19, 2022","4,340.00","4,340.00","4,300.00","4,300.00","84,552,100"
"Aug 18, 2022","4,330.00","4,340.00","4,310.00","4,330.00","138,795,300"
"Aug 16, 2022","4,350.00","4,350.00","4,270.00","4,280.00","205,432,400"
"Aug 15, 2022","4,330.00","4,350.00","4,300.00","4,300.00","135,099,400"
"Aug 12, 2022","4,340.00","4,350.00","4,320.00","4,320.00","103,916,700"
"Aug 11, 2022","4,380.00","4,410.00","4,340.00","4,350.00","193,329,000"
"Aug 10, 2022","4,350.00","4,370.00","4,300.00","4,310.00","205,341,100"
"Aug 9, 2022","4,400.00","4,470.00","4,390.00","4,410.00","181,747,100"
"Aug 8, 2022","4,360.00","4,400.00","4,340.00","4,370.00","107,242,600"
"Aug 5, 2022","4,360.00","4,400.00","4,320.00","4,360.00","168,879,400"
"Aug 4, 2022","4,380.00","4,390.00","4,350.00","4,360.00","120,175,700"
"Aug 3, 2022","4,410.00","4,420.00","4,350.00","4,380.00","103,412,300"
"Aug 2, 2022","4,360.00","4,400.00","4,300.00","4,400.00","173,931,000"
"Aug 1, 2022","4,390.00","4,410.00","4,330.00","4,360.00","200,791,700"
"Jul 29, 2022","4,390.00","4,430.00","4,340.00","4,360.00","228,669,400"
"Jul 28, 2022","4,340.00","4,400.00","4,340.00","4,360.00","136,421,400"
"Jul 27, 2022","4,380.00","4,380.00","4,300.00","4,320.00","88,570,800"
"Jul 26, 2022","4,270.00","4,350.00","4,260.00","4,330.00","97,709,800"
"Jul 25, 2022","4,250.00","4,300.00","4,250.00","4,250.00","60,952,800"
"Jul 22, 2022","4,330.00","4,330.00","4,270.00","4,270.00","86,561,100"
"Jul 21, 2022","4,300.00","4,310.00","4,230.00","4,310.00","130,405,400"
"Jul 20, 2022","4,180.00","4,300.00","4,160.00","4,300.00","220,223,600"
"Jul 19, 2022","4,150.00","4,150.00","4,110.00","4,110.00","122,905,900"
"Jul 18, 2022","4,110.00","4,140.00","4,080.00","4,140.00","135,284,500"
"Jul 15, 2022","4,060.00","4,120.00","4,050.00","4,110.00","91,362,800"
"Jul 14, 2022","4,010.00","4,090.00","4,010.00","4,070.00","188,729,700"
"Jul 13, 2022","4,110.00","4,130.00","4,030.00","4,060.00","165,745,200"
"Jul 12, 2022","4,120.00","4,140.00","4,100.00","4,110.00","56,085,200"
"Jul 11, 2022","4,150.00","4,170.00","4,100.00","4,120.00","80,867,700"
"Jul 8, 2022","4,090.00","4,200.00","4,050.00","4,200.00","112,914,000"
"Jul 7, 2022","4,040.00","4,110.00","4,040.00","4,050.00","172,127,500"
"Jul 6, 2022","4,050.00","4,100.00","4,020.00","4,080.00","125,309,100"
"Jul 5, 2022","4,040.00","4,160.00","4,040.00","4,090.00","180,648,400"
"Jul 4, 2022","4,090.00","4,120.00","3,960.00","4,040.00","246,853,600"
"Jul 1, 2022","4,150.00","4,200.00","4,110.00","4,140.00","154,659,500"
"Jun 30, 2022","4,120.00","4,220.00","4,120.00","4,150.00","239,939,100"
"Jun 29, 2022","4,280.00","4,310.00","4,180.00","4,180.00","228,536,100"
"Jun 28, 2022","4,320.00","4,330.00","4,280.00","4,300.00","178,535,800"
"Jun 27, 2022","4,310.00","4,330.00","4,270.00","4,280.00","152,306,100"
"Jun 24, 2022","4,320.00","4,350.00","4,310.00","4,340.00","66,083,900"
"Jun 23, 2022","4,300.00","4,360.00","4,300.00","4,310.00","127,600,700"
"Jun 22, 2022","4,410.00","4,410.00","4,310.00","4,320.00","106,208,500"
"Jun 21, 2022","4,430.00","4,430.00","4,380.00","4,380.00","103,964,600"
"Jun 20, 2022","4,400.00","4,410.00","4,340.00","4,400.00","95,058,800"
"Jun 17, 2022","4,370.00","4,400.00","4,350.00","4,370.00","185,763,100"
"Jun 16, 2022","4,420.00","4,530.00","4,410.00","4,430.00","240,023,000"
"Jun 15, 2022","4,360.00","4,450.00","4,360.00","4,450.00","160,729,900"
"Jun 14, 2022","4,300.00","4,410.00","4,300.00","4,360.00","150,381,800"
"Jun 13, 2022","4,260.00","4,350.00","4,260.00","4,340.00","164,017,200"
"Jun 10, 2022","4,470.00","4,470.00","4,360.00","4,400.00","222,410,400"
"Jun 9, 2022","4,500.00","4,520.00","4,480.00","4,490.00","161,768,800"
"Jun 8, 2022","4,400.00","4,470.00","4,380.00","4,470.00","150,604,000"
"Jun 7, 2022","4,460.00","4,460.00","4,400.00","4,400.00","133,318,000"
"Jun 6, 2022","4,470.00","4,510.00","4,400.00","4,430.00","157,277,700"
"Jun 3, 2022","4,530.00","4,570.00","4,510.00","4,520.00","117,643,300"
"Jun 2, 2022","4,540.00","4,600.00","4,480.00","4,480.00","225,697,500"
"May 31, 2022","4,470.00","4,630.00","4,450.00","4,630.00","379,626,500"
"May 30, 2022","4,540.00","4,540.00","4,390.00","4,430.00","193,724,500"
"May 27, 2022","4,500.00","4,540.00","4,440.00","4,540.00","209,962,100"
"May 25, 2022","4,430.00","4,450.00","4,350.00","4,350.00","138,961,700"
"May 24, 2022","4,320.00","4,500.00","4,320.00","4,460.00","165,758,600"
"May 23, 2022","4,410.00","4,440.00","4,320.00","4,330.00","175,709,000"
"May 20, 2022","4,440.00","4,490.00","4,410.00","4,430.00","122,101,000"
"May 19, 2022","4,350.00","4,460.00","4,300.00","4,440.00","132,614,900"
"May 18, 2022","4,500.00","4,530.00","4,430.00","4,450.00","129,716,500"
"May 17, 2022","4,270.00","4,520.00","4,270.00","4,450.00","272,650,400"
"May 13, 2022","4,250.00","4,360.00","4,250.00","4,250.00","336,711,300"
"May 12, 2022","4,490.00","4,490.00","4,300.00","4,320.00","207,373,600"
"May 11, 2022","4,550.00","4,580.00","4,480.00","4,490.00","205,233,800"
"May 10, 2022","4,260.00","4,530.00","4,260.00","4,530.00","435,782,800"
"May 9, 2022","4,750.00","4,760.00","4,530.00","4,530.00","561,600,400"
"Apr 28, 2022","4,870.00","4,930.00","4,860.00","4,870.00","193,821,200"
"Apr 27, 2022","4,900.00","4,930.00","4,850.00","4,850.00","191,955,100"
"Apr 26, 2022","4,840.00","4,980.00","4,830.00","4,940.00","262,734,300"
"Apr 25, 2022","4,700.00","4,850.00","4,670.00","4,840.00","235,752,400"
"Apr 22, 2022","4,750.00","4,850.00","4,720.00","4,750.00","174,349,500"
"Apr 21, 2022","4,850.00","4,850.00","4,760.00","4,800.00","208,253,300"
"Apr 20, 2022","4,610.00","4,870.00","4,600.00","4,850.00","404,383,100"
"Apr 19, 2022","4,550.00","4,600.00","4,540.00","4,570.00","148,475,600"
"Apr 18, 2022","4,550.00","4,580.00","4,540.00","4,550.00","82,795,100"
"Apr 14, 2022","4,600.00","4,610.00","4,530.00","4,540.00","150,659,600"
"Apr 13, 2022","4,640.00","4,640.00","4,590.00","4,610.00","112,327,600"
"Apr 12, 2022","4,550.00","4,610.00","4,550.00","4,610.00","96,961,200"
"Apr 11, 2022","4,600.00","4,620.00","4,570.00","4,570.00","109,861,100"
"Apr 8, 2022","4,630.00","4,650.00","4,600.00","4,610.00","125,657,900"
"Apr 7, 2022","4,670.00","4,670.00","4,620.00","4,630.00","91,942,500"
"Apr 6, 2022","4,690.00","4,690.00","4,600.00","4,600.00","111,009,800"
"Apr 5, 2022","4,730.00","4,740.00","4,670.00","4,700.00","76,154,300"
"Apr 4, 2022","4,730.00","4,730.00","4,660.00","4,700.00","103,902,000"
"Apr 1, 2022","4,690.00","4,730.00","4,630.00","4,730.00","145,105,000"
"Mar 31, 2022","4,700.00","4,750.00","4,660.00","4,660.00","158,650,000"
"Mar 30, 2022","4,740.00","4,740.00","4,690.00","4,710.00","83,364,400"
"Mar 29, 2022","4,750.00","4,750.00","4,670.00","4,690.00","93,155,100"
"Mar 28, 2022","4,730.00","4,740.00","4,670.00","4,730.00","106,801,800"
"Mar 25, 2022","4,760.00","4,760.00","4,650.00","4,710.00","137,104,800"
"Mar 24, 2022","4,640.00","4,730.00","4,620.00","4,730.00","206,271,600"
"Mar 23, 2022","4,680.00","4,690.00","4,620.00","4,650.00","146,545,100"
"Mar 22, 2022","4,690.00","4,710.00","4,640.00","4,640.00","177,758,500"
"Mar 21, 2022","4,600.00","4,630.00","4,560.00","4,590.00","118,791,900"
"Mar 18, 2022","4,700.00","4,700.00","4,580.00","4,580.00","257,863,400"
"Mar 17, 2022","4,690.00","4,700.00","4,610.00","4,650.00","224,068,000"
"Mar 16, 2022","4,650.00","4,660.00","4,610.00","4,650.00","226,817,000"
"Mar 15, 2022","4,550.00","4,640.00","4,530.00","4,610.00","357,755,700"
"Mar 14, 2022","4,440.00","4,540.00","4,410.00","4,520.00","212,052,100"
"Mar 11, 2022","174.25","","","",""
"Mar 11, 2022","4,400.00","4,440.00","4,370.00","4,400.00","275,965,300"
"Mar 10, 2022","4,640.00","4,640.00","4,510.00","4,570.00","225,575,800"
"Mar 9, 2022","4,530.00","4,590.00","4,500.00","4,570.00","191,967,100"
"Mar 8, 2022","4,500.00","4,560.00","4,430.00","4,430.00","214,870,200"
"Mar 7, 2022","4,580.00","4,630.00","4,520.00","4,520.00","224,515,800"
"Mar 4, 2022","4,720.00","4,730.00","4,610.00","4,670.00","292,022,600"
"Mar 2, 2022","4,680.00","4,690.00","4,550.00","4,560.00","186,635,200"
"Mar 1, 2022","4,850.00","4,860.00","4,630.00","4,630.00","494,657,800"
"Feb 25, 2022","4,450.00","4,550.00","4,410.00","4,550.00","301,346,400"
"Feb 24, 2022","4,470.00","4,470.00","4,370.00","4,390.00","217,523,600"
"Feb 23, 2022","4,520.00","4,520.00","4,460.00","4,480.00","160,827,800"
"Feb 22, 2022","4,440.00","4,470.00","4,420.00","4,430.00","109,060,900"
"Feb 21, 2022","4,460.00","4,490.00","4,440.00","4,490.00","133,717,300"
"Feb 18, 2022","4,400.00","4,440.00","4,370.00","4,430.00","127,058,000"
"Feb 17, 2022","4,390.00","4,410.00","4,340.00","4,400.00","118,305,100"
"Feb 16, 2022","4,470.00","4,470.00","4,410.00","4,420.00","89,636,300"
"Feb 15, 2022","4,440.00","4,450.00","4,390.00","4,430.00","96,658,500"
"Feb 14, 2022","4,450.00","4,450.00","4,380.00","4,410.00","105,260,000"
"Feb 11, 2022","4,420.00","4,450.00","4,380.00","4,450.00","103,418,200"
"Feb 10, 2022","4,500.00","4,500.00","4,450.00","4,470.00","112,521,600"
"Feb 9, 2022","4,400.00","4,500.00","4,380.00","4,450.00","149,000,100"
"Feb 8, 2022","4,450.00","4,550.00","4,400.00","4,440.00","310,878,100"
"Feb 7, 2022","4,240.00","4,410.00","4,220.00","4,400.00","468,016,600"
"Feb 4, 2022","4,170.00","4,210.00","4,150.00","4,210.00","236,602,900"
"Feb 3, 2022","4,180.00","4,180.00","4,130.00","4,130.00","157,898,800"
"Feb 2, 2022","4,120.00","4,120.00","4,060.00","4,070.00","81,546,300"
"Jan 31, 2022","4,170.00","4,170.00","4,070.00","4,070.00","78,498,500"
"Jan 28, 2022","4,170.00","4,170.00","4,090.00","4,140.00","84,812,100"
"Jan 27, 2022","4,070.00","4,140.00","4,060.00","4,140.00","80,682,900"
"Jan 26, 2022","4,030.00","4,100.00","4,030.00","4,090.00","97,589,500"
"Jan 25, 2022","4,100.00","4,110.00","4,000.00","4,070.00","185,007,800"
"Jan 24, 2022","4,140.00","4,160.00","4,100.00","4,120.00","76,709,900"
"Jan 21, 2022","4,130.00","4,170.00","4,110.00","4,170.00","84,972,500"
"Jan 20, 2022","4,130.00","4,160.00","4,110.00","4,130.00","86,394,600"
"Jan 19, 2022","4,210.00","4,210.00","4,130.00","4,130.00","109,954,700"
"Jan 18, 2022","4,240.00","4,240.00","4,140.00","4,190.00","120,275,000"
"Jan 17, 2022","4,200.00","4,210.00","4,180.00","4,210.00","102,957,100"
"Jan 14, 2022","4,190.00","4,210.00","4,160.00","4,180.00","110,213,800"
"Jan 13, 2022","4,180.00","4,190.00","4,170.00","4,190.00","103,522,400"
"Jan 12, 2022","4,170.00","4,180.00","4,130.00","4,160.00","65,907,000"
"Jan 11, 2022","4,180.00","4,180.00","4,130.00","4,150.00","99,404,900"
"Jan 10, 2022","4,190.00","4,210.00","4,180.00","4,180.00","70,722,600"
"Jan 7, 2022","4,170.00","4,200.00","4,150.00","4,190.00","101,275,000"
"Jan 6, 2022","4,240.00","4,240.00","4,140.00","4,160.00","137,280,000"
"Jan 5, 2022","4,180.00","4,230.00","4,130.00","4,210.00","174,376,400"
"Jan 4, 2022","4,200.00","4,210.00","4,160.00","4,160.00","93,950,000"
"Jan 3, 2022","4,120.00","4,190.00","4,090.00","4,180.00","90,842,500"